{
  "0  Baseline": {
    "prefw": {
      "angle_rms": 6.609705924987793,
      "angle_peak": 11.750646591186523,
      "speed_err": 239.98696899414062,
      "emf_rel": 0.18115238580350337,
      "conf": 0.9929705006261371
    },
    "fw": {
      "angle_rms": 12.592207908630371,
      "angle_peak": 17.649017333984375,
      "speed_err": 616.8712158203125,
      "emf_rel": 0.25743468793715174,
      "conf": 0.9929705006261371
    },
    "passed": true
  },
  "1  +SOGI": {
    "prefw": {
      "angle_rms": 9.40985107421875,
      "angle_peak": 14.113020896911621,
      "speed_err": 212.52874755859375,
      "emf_rel": 0.16777725702644136,
      "conf": 0.9881671437699787
    },
    "fw": {
      "angle_rms": 11.817212104797363,
      "angle_peak": 15.73103141784668,
      "speed_err": 524.156494140625,
      "emf_rel": 0.22637647932182398,
      "conf": 0.9881671437699787
    },
    "passed": true
  },
  "2  +ActiveFlux": {
    "prefw": {
      "angle_rms": 4.809175491333008,
      "angle_peak": 9.454620361328125,
      "speed_err": 109.25615692138672,
      "emf_rel": 0.16532403661360054,
      "conf": 0.9850313264271534
    },
    "fw": {
      "angle_rms": 9.377762794494629,
      "angle_peak": 17.368995666503906,
      "speed_err": 173.3431854248047,
      "emf_rel": 0.2656944622230314,
      "conf": 0.9850313264271534
    },
    "passed": true
  },
  "3  +EEMF": {
    "prefw": {
      "angle_rms": 6.672579288482666,
      "angle_peak": 12.060720443725586,
      "speed_err": 250.8080596923828,
      "emf_rel": 0.176490632856882,
      "conf": 0.9900665241930411
    },
    "fw": {
      "angle_rms": 12.756052017211914,
      "angle_peak": 18.909746170043945,
      "speed_err": 687.1804809570312,
      "emf_rel": 0.2587976195651064,
      "conf": 0.9900665241930411
    },
    "passed": true
  },
  "4  +STSMO": {
    "prefw": {
      "angle_rms": 154.53944396972656,
      "angle_peak": 179.9481201171875,
      "speed_err": 698.1112670898438,
      "emf_rel": 0.9689904301917919,
      "conf": 0.17688247991102438
    },
    "fw": {
      "angle_rms": 154.58590698242188,
      "angle_peak": 179.37002563476562,
      "speed_err": 698.12158203125,
      "emf_rel": 0.9692265993722969,
      "conf": 0.17688247991102438
    },
    "passed": false
  },
  "5  +vq-FF": {
    "prefw": {
      "angle_rms": 6.507896423339844,
      "angle_peak": 10.418588638305664,
      "speed_err": 208.64869689941406,
      "emf_rel": 0.1912556451967291,
      "conf": 0.9927175946832152
    },
    "fw": {
      "angle_rms": 12.426548957824707,
      "angle_peak": 15.692768096923828,
      "speed_err": 544.0914306640625,
      "emf_rel": 0.2535876668069015,
      "conf": 0.9927175946832152
    },
    "passed": true
  },
  "6  +MRAS-R": {
    "prefw": {
      "angle_rms": 6.348589897155762,
      "angle_peak": 10.3780517578125,
      "speed_err": 218.00201416015625,
      "emf_rel": 0.16457460089167048,
      "conf": 0.9873614860850194
    },
    "fw": {
      "angle_rms": 12.439653396606445,
      "angle_peak": 17.10799789428711,
      "speed_err": 578.1618041992188,
      "emf_rel": 0.23999872206742992,
      "conf": 0.9873614860850194
    },
    "passed": true
  },
  "7  +AdaptPLL": {
    "prefw": {
      "angle_rms": 6.660398960113525,
      "angle_peak": 11.521763801574707,
      "speed_err": 246.76678466796875,
      "emf_rel": 0.1864495142428619,
      "conf": 0.9962837545898018
    },
    "fw": {
      "angle_rms": 12.812384605407715,
      "angle_peak": 18.77169418334961,
      "speed_err": 627.2184448242188,
      "emf_rel": 0.26160459124083774,
      "conf": 0.9962837545898018
    },
    "passed": true
  },
  "8  Tout ensemble": {
    "prefw": {
      "angle_rms": 9.771132469177246,
      "angle_peak": 13.709664344787598,
      "speed_err": 212.8988037109375,
      "emf_rel": 0.16652811487791544,
      "conf": 0.9959272127232177
    },
    "fw": {
      "angle_rms": 11.926384925842285,
      "angle_peak": 15.171024322509766,
      "speed_err": 506.12115478515625,
      "emf_rel": 0.2061189921407506,
      "conf": 0.9959272127232177
    },
    "passed": true
  }
}