{
  "motor": "Nanotec DB57M012 12V (5 pole pairs)",
  "dt_us": 100.0,
  "pwm_freq_hz": 10000.0,
  "speed_pi_hz": 100.0,
  "speed_loop_divider_N": 100,
  "calibration_method": "analytical",
  "k_fw_per_A": 0.35384919909079454,
  "min_flux_ratio": 0.47403522596603076,
  "fw_gain_A_per_Vs": 1.443375672974064,
  "fw_id_max_A": 1.25,
  "fw_start_rpm": 1200.0,
  "fw_activation_pct": 77.45635986328125,
  "speed_err_rms_ramp_rpm": 317.250244140625,
  "speed_err_rms_ss_rpm": 739.4827270507812,
  "speed_err_rms_sag_rpm": 561.6596069335938,
  "efficiency_ss_pct": 83.02008819580078,
  "efficiency_sag_pct": 81.1605453491211,
  "id_at_4200rpm_A": -1.25,
  "iq_at_4200rpm_A": 3.4010696411132812,
  "max_speed_achieved_rpm": 3721.433349609375,
  "cal_time_s": 7.999915396794677e-07,
  "sim_time_s": 52.84316766700067
}